date,total_cost_usd,is_anomaly,incident_id,level_source,day_of_week,day_name,is_weekend,day_of_month
2026-01-01,2.2366871050910135,0,,real_month,3,Thursday,False,1
2026-01-02,2.2295947576900788,0,,real_month,4,Friday,False,2
2026-01-03,2.257835580914643,0,,real_month,5,Saturday,True,3
2026-01-04,2.249658813902096,0,,real_month,6,Sunday,True,4
2026-01-05,2.3040822984532947,0,,real_month,0,Monday,False,5
2026-01-06,2.259673673426308,0,,real_month,1,Tuesday,False,6
2026-01-07,2.272780665123814,0,,real_month,2,Wednesday,False,7
2026-01-08,2.2548412249816616,0,,real_month,3,Thursday,False,8
2026-01-09,2.2340596204775633,0,,real_month,4,Friday,False,9
2026-01-10,2.2169384158947074,0,,real_month,5,Saturday,True,10
2026-01-11,2.185267939398134,0,,real_month,6,Sunday,True,11
2026-01-12,2.2112150093836367,0,,real_month,0,Monday,False,12
2026-01-13,2.2579856482138765,0,,real_month,1,Tuesday,False,13
2026-01-14,2.203799490737486,0,,real_month,2,Wednesday,False,14
2026-01-15,2.2355070571070033,0,,real_month,3,Thursday,False,15
2026-01-16,2.2517598977088262,0,,real_month,4,Friday,False,16
2026-01-17,2.2511470957467936,0,,real_month,5,Saturday,True,17
2026-01-18,2.2468495937787925,0,,real_month,6,Sunday,True,18
2026-01-19,2.2259733149322853,0,,real_month,0,Monday,False,19
2026-01-20,2.2870358587894613,0,,real_month,1,Tuesday,False,20
2026-01-21,2.236126206878047,0,,real_month,2,Wednesday,False,21
2026-01-22,2.2313745876761266,0,,real_month,3,Thursday,False,22
2026-01-23,2.227707124371674,0,,real_month,4,Friday,False,23
2026-01-24,2.229178077978212,0,,real_month,5,Saturday,True,24
2026-01-25,2.216356698183277,0,,real_month,6,Sunday,True,25
2026-01-26,3.646321135440414,1,INC-01,real_month,0,Monday,False,26
2026-01-27,2.2701703349149684,0,,real_month,1,Tuesday,False,27
2026-01-28,2.21780994398929,0,,real_month,2,Wednesday,False,28
2026-01-29,2.2234482094576804,0,,real_month,3,Thursday,False,29
2026-01-30,2.2488075299770314,0,,real_month,4,Friday,False,30
2026-01-31,2.234590172354369,0,,real_month,5,Saturday,True,31
2026-02-01,4.292556738074169,1,INC-02,incident,6,Sunday,True,1
2026-02-02,1.9495269001806226,0,,real_day_anchor,0,Monday,False,2
2026-02-03,1.978242748006957,0,,real_day_anchor,1,Tuesday,False,3
2026-02-04,1.9190900819164003,0,,real_day_anchor,2,Wednesday,False,4
2026-02-05,1.938101482548773,0,,real_day_anchor,3,Thursday,False,5
2026-02-06,1.9240019771113819,0,,real_day_anchor,4,Friday,False,6
2026-02-07,1.9408055170935539,0,,real_day_anchor,5,Saturday,True,7
2026-02-08,1.8910907666870562,0,,real_day_anchor,6,Sunday,True,8
2026-02-09,1.9759289254935164,0,,real_day_anchor,0,Monday,False,9
2026-02-10,2.1132169936036376,0,,real_day_anchor,1,Tuesday,False,10
2026-02-11,1.9918003438638814,0,,real_day_anchor,2,Wednesday,False,11
2026-02-12,1.9898681123254347,0,,real_day_anchor,3,Thursday,False,12
2026-02-13,1.9202212292758138,0,,real_day_anchor,4,Friday,False,13
2026-02-14,1.8822374515463784,0,,real_day_anchor,5,Saturday,True,14
2026-02-15,4.957711798730145,1,INC-03,real_day_anchor,6,Sunday,True,15
2026-02-16,4.986441635180699,1,INC-03,real_day_anchor,0,Monday,False,16
2026-02-17,2.072820380855956,0,,real_day_anchor,1,Tuesday,False,17
2026-02-18,2.112240551590731,0,,real_day_anchor,2,Wednesday,False,18
2026-02-19,1.9414816939639576,0,,real_day_anchor,3,Thursday,False,19
2026-02-20,1.9944693493067733,0,,real_day_anchor,4,Friday,False,20
2026-02-21,2.024490445701817,0,,real_day_anchor,5,Saturday,True,21
2026-02-22,1.835764528414695,0,,real_day_anchor,6,Sunday,True,22
2026-02-23,2.6880119165625658,1,INC-04,real_day_anchor,0,Monday,False,23
2026-02-24,1.8929584329193834,0,,real_day_anchor,1,Tuesday,False,24
2026-02-25,1.9474423668984728,0,,real_day_anchor,2,Wednesday,False,25
2026-02-26,2.0133943663688245,0,,real_day_anchor,3,Thursday,False,26
2026-02-27,1.9368613687708902,0,,real_day_anchor,4,Friday,False,27
2026-02-28,1.9210919520157292,0,,real_day_anchor,5,Saturday,True,28
2026-03-01,1.8173313560878364,0,,interpolated,6,Sunday,True,1
2026-03-02,1.9176916803372441,0,,interpolated,0,Monday,False,2
2026-03-03,1.8913140776280017,0,,interpolated,1,Tuesday,False,3
2026-03-04,1.8588691049299306,0,,interpolated,2,Wednesday,False,4
2026-03-05,1.9558539314574306,0,,interpolated,3,Thursday,False,5
2026-03-06,1.8447113502337775,0,,interpolated,4,Friday,False,6
2026-03-07,1.8185540691415447,0,,interpolated,5,Saturday,True,7
2026-03-08,1.9338118351174671,0,,interpolated,6,Sunday,True,8
2026-03-09,1.9217315291491297,0,,interpolated,0,Monday,False,9
2026-03-10,1.8553038021108834,0,,interpolated,1,Tuesday,False,10
2026-03-11,1.8415578095536551,0,,interpolated,2,Wednesday,False,11
2026-03-12,1.9200202424851802,0,,interpolated,3,Thursday,False,12
2026-03-13,1.9173344787622217,0,,interpolated,4,Friday,False,13
2026-03-14,1.8674476941568636,0,,interpolated,5,Saturday,True,14
2026-03-15,1.8224123764284794,0,,interpolated,6,Sunday,True,15
2026-03-16,1.8669063067704041,0,,interpolated,0,Monday,False,16
2026-03-17,1.876035875647129,0,,interpolated,1,Tuesday,False,17
2026-03-18,1.8943348038279257,0,,interpolated,2,Wednesday,False,18
2026-03-19,1.8914312450993862,0,,interpolated,3,Thursday,False,19
2026-03-20,1.900612966151249,0,,interpolated,4,Friday,False,20
2026-03-21,1.8771944308662274,0,,interpolated,5,Saturday,True,21
2026-03-22,1.8006626559155412,0,,interpolated,6,Sunday,True,22
2026-03-23,3.7860012846635636,1,INC-05,interpolated,0,Monday,False,23
2026-03-24,1.9120097958738405,0,,interpolated,1,Tuesday,False,24
2026-03-25,1.9224939791345288,0,,interpolated,2,Wednesday,False,25
2026-03-26,1.895555830393372,0,,interpolated,3,Thursday,False,26
2026-03-27,1.8765258519840038,0,,interpolated,4,Friday,False,27
2026-03-28,1.8504616309876147,0,,interpolated,5,Saturday,True,28
2026-03-29,1.8708199449452452,0,,interpolated,6,Sunday,True,29
2026-03-30,1.919317468579337,0,,interpolated,0,Monday,False,30
2026-03-31,1.8828689464458164,0,,interpolated,1,Tuesday,False,31
2026-04-01,1.8959510281246255,0,,real_month,2,Wednesday,False,1
2026-04-02,1.8045216500475525,0,,real_month,3,Thursday,False,2
2026-04-03,1.7788459923602322,0,,real_month,4,Friday,False,3
2026-04-04,1.85997507619949,0,,real_month,5,Saturday,True,4
2026-04-05,2.4907080412203944,1,INC-06,real_month,6,Sunday,True,5
2026-04-06,1.7390516167636558,0,,real_month,0,Monday,False,6
2026-04-07,1.8819889310414404,0,,real_month,1,Tuesday,False,7
2026-04-08,1.7476559079266096,0,,real_month,2,Wednesday,False,8
2026-04-09,1.7850189817193614,0,,real_month,3,Thursday,False,9
2026-04-10,1.7600306759189803,0,,real_month,4,Friday,False,10
2026-04-11,1.830445886222917,0,,real_month,5,Saturday,True,11
2026-04-12,1.7484341885378882,0,,real_month,6,Sunday,True,12
2026-04-13,1.770760594751919,0,,real_month,0,Monday,False,13
2026-04-14,1.7923794519829408,0,,real_month,1,Tuesday,False,14
2026-04-15,1.7907906391205748,0,,real_month,2,Wednesday,False,15
2026-04-16,1.7729113889998358,0,,real_month,3,Thursday,False,16
2026-04-17,1.78699194268243,0,,real_month,4,Friday,False,17
2026-04-18,1.674565046219162,0,,real_month,5,Saturday,True,18
2026-04-19,1.7729732975714498,0,,real_month,6,Sunday,True,19
2026-04-20,1.7819472500296023,0,,real_month,0,Monday,False,20
2026-04-21,1.8134334196419608,0,,real_month,1,Tuesday,False,21
2026-04-22,1.8221999384061092,0,,real_month,2,Wednesday,False,22
2026-04-23,1.7948956124647217,0,,real_month,3,Thursday,False,23
2026-04-24,1.795068822025968,0,,real_month,4,Friday,False,24
2026-04-25,1.7658822510056082,0,,real_month,5,Saturday,True,25
2026-04-26,1.8166729300674977,0,,real_month,6,Sunday,True,26
2026-04-27,1.7796132512378475,0,,real_month,0,Monday,False,27
2026-04-28,1.788546649759056,0,,real_month,1,Tuesday,False,28
2026-04-29,1.7840311071297033,0,,real_month,2,Wednesday,False,29
2026-04-30,1.8231278561911637,0,,real_month,3,Thursday,False,30
2026-05-01,1.7718269676611744,0,,real_month,4,Friday,False,1
2026-05-02,1.7845636003125216,0,,real_month,5,Saturday,True,2
2026-05-03,1.7782075274305986,0,,real_month,6,Sunday,True,3
2026-05-04,1.741998588330561,0,,real_month,0,Monday,False,4
2026-05-05,1.7520937668425989,0,,real_month,1,Tuesday,False,5
2026-05-06,1.7961981615342717,0,,real_month,2,Wednesday,False,6
2026-05-07,1.7663277501874464,0,,real_month,3,Thursday,False,7
2026-05-08,1.7590067353057743,0,,real_month,4,Friday,False,8
2026-05-09,1.7487576312154618,0,,real_month,5,Saturday,True,9
2026-05-10,3.5893734921351284,1,INC-07,real_month,6,Sunday,True,10
2026-05-11,3.5592368226790234,1,INC-07,real_month,0,Monday,False,11
2026-05-12,1.7834305521599514,0,,real_month,1,Tuesday,False,12
2026-05-13,1.743101584106703,0,,real_month,2,Wednesday,False,13
2026-05-14,1.7733161446903436,0,,real_month,3,Thursday,False,14
2026-05-15,1.7853208883464418,0,,real_month,4,Friday,False,15
2026-05-16,1.7802408352896564,0,,real_month,5,Saturday,True,16
2026-05-17,1.7756741921087789,0,,real_month,6,Sunday,True,17
2026-05-18,2.7596555760555495,1,INC-08,real_month,0,Monday,False,18
2026-05-19,2.7574756935491362,1,INC-08,real_month,1,Tuesday,False,19
2026-05-20,2.765673882220558,1,INC-08,real_month,2,Wednesday,False,20
2026-05-21,1.7750229934391972,0,,real_month,3,Thursday,False,21
2026-05-22,1.7970914084969312,0,,real_month,4,Friday,False,22
2026-05-23,1.756323678547974,0,,real_month,5,Saturday,True,23
2026-05-24,1.7411613220420494,0,,real_month,6,Sunday,True,24
2026-05-25,1.7990349888139683,0,,real_month,0,Monday,False,25
2026-05-26,3.71960623416684,1,INC-09,real_month,1,Tuesday,False,26
2026-05-27,1.80106536224235,0,,real_month,2,Wednesday,False,27
2026-05-28,1.7850470770516669,0,,real_month,3,Thursday,False,28
2026-05-29,1.803207406929672,0,,real_month,4,Friday,False,29
2026-05-30,1.7775793904940047,0,,real_month,5,Saturday,True,30
2026-05-31,1.7649832564340289,0,,real_month,6,Sunday,True,31
2026-06-01,1.753447809603462,0,,carried_forward,0,Monday,False,1
2026-06-02,3.8570582131545765,1,INC-10,carried_forward,1,Tuesday,False,2
2026-06-03,3.8644291475182566,1,INC-10,carried_forward,2,Wednesday,False,3
2026-06-04,1.7730624745747827,0,,carried_forward,3,Thursday,False,4
2026-06-05,1.7856210913360797,0,,carried_forward,4,Friday,False,5
2026-06-06,1.7813529503498358,0,,carried_forward,5,Saturday,True,6
2026-06-07,1.757264752334146,0,,carried_forward,6,Sunday,True,7
2026-06-08,1.762517620762293,0,,carried_forward,0,Monday,False,8
2026-06-09,1.7522323718977015,0,,carried_forward,1,Tuesday,False,9
2026-06-10,1.7666919746159613,0,,carried_forward,2,Wednesday,False,10
2026-06-11,1.7500156581328854,0,,carried_forward,3,Thursday,False,11
2026-06-12,5.12347039131681,1,INC-11,carried_forward,4,Friday,False,12
2026-06-13,1.7618179287978555,0,,carried_forward,5,Saturday,True,13
2026-06-14,1.7243308849585024,0,,carried_forward,6,Sunday,True,14
2026-06-15,1.7853472839860862,0,,carried_forward,0,Monday,False,15
2026-06-16,1.7427594221523053,0,,carried_forward,1,Tuesday,False,16
2026-06-17,1.8053439420523405,0,,carried_forward,2,Wednesday,False,17
2026-06-18,1.7386599471048008,0,,carried_forward,3,Thursday,False,18
2026-06-19,1.790221542426997,0,,carried_forward,4,Friday,False,19
2026-06-20,1.791269900580581,0,,carried_forward,5,Saturday,True,20
2026-06-21,1.749678592200447,0,,carried_forward,6,Sunday,True,21
2026-06-22,2.650419323300066,1,INC-12,carried_forward,0,Monday,False,22
2026-06-23,1.7833227540132448,0,,carried_forward,1,Tuesday,False,23
2026-06-24,1.787874964551166,0,,carried_forward,2,Wednesday,False,24
2026-06-25,1.764433313265583,0,,carried_forward,3,Thursday,False,25
2026-06-26,1.7402850669759156,0,,carried_forward,4,Friday,False,26
2026-06-27,1.7835791880583218,0,,carried_forward,5,Saturday,True,27
2026-06-28,1.7427292059227426,0,,carried_forward,6,Sunday,True,28
2026-06-29,1.7745826838228904,0,,carried_forward,0,Monday,False,29
2026-06-30,1.7774422517280115,0,,carried_forward,1,Tuesday,False,30
