date,total_cost_usd,day_of_week,is_weekend
2022-12-22,73.96032426679113,3,False
2022-12-23,70.43999549157748,4,False
2022-12-24,69.54637922825553,5,True
2022-12-25,69.61250096846848,6,True
2022-12-26,69.61315184457969,0,False
2022-12-27,69.81400696235887,1,False
2022-12-28,69.98685531481667,2,False
2022-12-29,70.56736495489208,3,False
2022-12-30,69.81340366890343,4,False
2022-12-31,69.71419117662859,5,True
2023-01-01,69.6972966816107,6,True
2023-01-02,69.7699329365742,0,False
2023-01-03,69.73061420568665,1,False
2023-01-04,74.34160629515753,2,False
2023-01-05,78.33431469879257,3,False
2023-01-06,78.29504505634135,4,False
2023-01-07,78.3870201059736,5,True
2023-01-08,78.32358923856462,6,True
2023-01-09,79.92967772451208,0,False
2023-01-10,84.68171407113535,1,False
2023-01-11,82.75380088179533,2,False
2023-01-12,82.11784560762312,3,False
2023-01-13,93.70162566078473,4,False
2023-01-14,95.41243550122945,5,True
2023-01-15,94.93036331068123,6,True
2023-01-16,98.84063379617838,0,False
2023-01-17,107.08308778495157,1,False
2023-01-18,112.67711972177194,2,False
2023-01-19,106.43754317353908,3,False
2023-01-20,112.38224109240377,4,False
2023-01-21,111.13598045202595,5,True
2023-01-22,111.1756512251737,6,True
2023-01-23,116.2270857652614,0,False
2023-01-24,121.21088618384347,1,False
2023-01-25,129.38851160160323,2,False
2023-01-26,133.67953365416054,3,False
2023-01-27,135.88263523220914,4,False
2023-01-28,131.30366649295593,5,True
2023-01-29,131.14965576301947,6,True
2023-01-30,136.01045091741787,0,False
2023-01-31,141.08883552413693,1,False
2023-02-01,164.48618829771166,2,False
2023-02-02,145.78961061364825,3,False
2023-02-03,169.60812981064868,4,False
2023-02-04,162.8744986240353,5,True
2023-02-05,163.23324420906295,6,True
2023-02-06,130.98053533926273,0,False
2023-02-07,136.87047197339587,1,False
2023-02-08,123.60922095847297,2,False
2023-02-09,132.3068272170819,3,False
2023-02-10,126.49227473547643,4,False
2023-02-11,122.56082471495908,5,True
2023-02-12,122.65130470903487,6,True
2023-02-13,123.58303927277308,0,False
2023-02-14,128.90231568587123,1,False
2023-02-15,134.6061959953269,2,False
2023-02-16,133.02296006450374,3,False
2023-02-17,135.74163515973203,4,False
2023-02-18,133.0554377846734,5,True
2023-02-19,133.0853226784715,6,True
2023-02-20,132.3119641790919,0,False
2023-02-21,118.79309863924017,1,False
2023-02-22,105.24230954817095,2,False
2023-02-23,110.30638073381026,3,False
2023-02-24,108.5579590954481,4,False
2023-02-25,107.92584997114757,5,True
2023-02-26,103.07321493509318,6,True
2023-02-27,110.2905433516482,0,False
2023-02-28,102.68632646840496,1,False
2023-03-01,81.47500632160373,2,False
2023-03-02,78.84008931943244,3,False
2023-03-03,93.2832370328109,4,False
2023-03-04,88.01965957780817,5,True
2023-03-05,88.32723270125199,6,True
2023-03-06,91.84252292948898,0,False
2023-03-07,89.7058841217283,1,False
2023-03-08,88.42616571241079,2,False
2023-03-09,91.04670337765845,3,False
2023-03-10,93.06887020562627,4,False
2023-03-11,97.55272703129025,5,True
2023-03-12,97.78493017902994,6,True
2023-03-13,96.16797726577252,0,False
2023-03-14,111.39272320373682,1,False
2023-03-15,130.16405684467907,2,False
2023-03-16,124.3721831966477,3,False
2023-03-17,138.5677019326056,4,False
2023-03-18,147.0103166162476,5,True
2023-03-19,105.02407650376054,6,True
2023-03-20,137.51535726899334,0,False
